OBJECTID,GEOGRAPHY_NAME,YEAR,GEOGRAPHY,COUNT_ALL_RACES_ETHNICITIES,COUNT_ASIAN_PI_NH,COUNT_BLACK_NH,COUNT_HISPANIC,COUNT_MULTIRACIAL_NH,COUNT_WHITE_NH,PERCENT_ASIAN_PI_NH,PERCENT_BLACK_NH,PERCENT_HISPANIC,PERCENT_MULTIRACIAL_NH,PERCENT_WHITE_NH,Shape__Area,Shape__Length
1,42101000100,2010,Census tract,3478,175,207,126,70,2890,5.03162737,5.95169638,3.62277171,2.01265095,83.09373203,1202256.62109375,4528.07858447924
2,42101000200,2010,Census tract,2937,1856,284,79,41,665,63.1937351,9.66973102,2.68981954,1.39598229,22.64215186,651654.75,3688.95896471245
3,42101000300,2010,Census tract,3169,329,324,135,80,2290,10.38182392,10.22404544,4.26001893,2.52445566,72.26254339,931965.453125,5040.14898562576
4,42101000401,2010,Census tract,2125,519,376,107,63,1049,24.42352941,17.69411765,5.03529412,2.96470588,49.36470588,397807.4609375,2733.4485366791
5,42101000402,2010,Census tract,3142,360,173,109,34,2455,11.45767027,5.5060471,3.46912794,1.0821133,78.13494589,517424.4375,3547.05489952626
6,42101000500,2010,Census tract,2329,342,870,306,47,750,14.68441391,37.35508802,13.13868613,2.01803349,32.20266209,730542.48828125,4003.46571785933
7,42101000600,2010,Census tract,1781,160,253,142,65,1151,8.98371701,14.20550253,7.97304885,3.64963504,64.62661426,294162.078125,3081.85519718307
8,42101000700,2010,Census tract,3082,463,281,142,73,2112,15.02271252,9.1174562,4.60739779,2.36859182,68.52693056,436441.4765625,4354.05143401093
9,42101000801,2010,Census tract,1562,173,46,90,30,1219,11.07554417,2.94494238,5.76184379,1.9206146,78.04097311,195652.5546875,1876.82521325263
10,42101000803,2010,Census tract,3601,444,74,122,67,2891,12.32990836,2.05498473,3.38794779,1.86059428,80.28325465,260353.03515625,2194.6603307206
11,42101000804,2010,Census tract,3609,425,98,179,62,2835,11.77611527,2.71543364,4.95982267,1.7179274,78.55361596,247799.65625,2119.21558106847
12,42101000901,2010,Census tract,2276,349,215,94,71,1528,15.33391916,9.44639719,4.13005272,3.11950791,67.13532513,179724.00390625,1726.92486455084
13,42101000902,2010,Census tract,2773,639,170,112,57,1793,23.04363505,6.13054454,4.03894699,2.05553552,64.65921385,264276.91796875,2285.45366083681
14,42101001001,2010,Census tract,2603,130,67,72,33,2294,4.99423742,2.57395313,2.76603919,1.26776796,88.12908183,390784.86328125,2942.0811065771
15,42101001002,2010,Census tract,3612,221,93,120,63,3103,6.11849391,2.57475083,3.32225914,1.74418605,85.90808416,803385.4296875,3636.74589019786
16,42101001101,2010,Census tract,3586,229,337,162,84,2765,6.38594534,9.39765756,4.51756832,2.34244283,77.10540993,296381.08203125,2191.76409566316
17,42101001102,2010,Census tract,2659,187,130,109,71,2155,7.03271907,4.88905604,4.09928545,2.67017676,81.04550583,347621.13671875,2400.13942278894
18,42101001201,2010,Census tract,3778,223,85,145,75,3238,5.90259397,2.24986765,3.83800953,1.98517734,85.70672313,594000.0625,3419.35429229329
19,42101001202,2010,Census tract,5137,322,283,262,119,4131,6.26824995,5.50905198,5.10025307,2.31652716,80.41658556,525644.83984375,3121.25979558614
20,42101001300,2010,Census tract,4942,244,1564,182,146,2780,4.93727236,31.64710643,3.68271955,2.95426953,56.25252934,1325227.98046875,4944.65182313082
21,42101001400,2010,Census tract,3950,219,1023,208,91,2386,5.5443038,25.89873418,5.26582278,2.30379747,60.40506329,537949.4296875,3411.33241374521
22,42101001500,2010,Census tract,2708,185,451,172,51,1841,6.83161004,16.65435746,6.35155096,1.88330871,67.98375185,407721.23828125,3550.45121685881
23,42101001600,2010,Census tract,2192,96,107,120,63,1797,4.37956204,4.88138686,5.47445255,2.87408759,81.97992701,334461.875,2613.19667091953
24,42101001700,2010,Census tract,2647,98,161,100,56,2217,3.7023045,6.08235739,3.77786173,2.11560257,83.75519456,377247.375,3059.97082380483
25,42101001800,2010,Census tract,2873,173,535,133,59,1959,6.02158023,18.62164984,4.62930734,2.05360251,68.18656457,413018.609375,3598.09768825176
26,42101001900,2010,Census tract,2721,119,1089,194,51,1258,4.37339214,40.02205072,7.12973172,1.87431092,46.23300257,559207.13671875,3443.02153314813
27,42101002000,2010,Census tract,2092,35,1799,70,57,116,1.67304015,85.99426386,3.34608031,2.72466539,5.54493308,492808.17578125,2882.53288833786
28,42101002100,2010,Census tract,2036,12,1620,108,47,240,0.58939096,79.56777996,5.30451866,2.30844794,11.78781925,404494.7578125,2580.85847126334
29,42101002200,2010,Census tract,2281,97,1376,175,67,557,4.25252082,60.32441911,7.67207365,2.9373082,24.41911442,389460.07421875,2518.89479262825
30,42101002300,2010,Census tract,2682,383,123,376,50,1737,14.28038777,4.58612975,14.01938852,1.86428039,64.76510067,361622.2734375,2771.14237965207
31,42101002400,2010,Census tract,5129,804,422,912,101,2878,15.67557029,8.2277247,17.78124391,1.96919477,56.11230259,911770.2734375,4810.55436155404
32,42101002500,2010,Census tract,3769,261,1316,293,72,1815,6.92491377,34.91642345,7.77394534,1.91032104,48.15600955,678879.6484375,3420.36199145849
33,42101002701,2010,Census tract,3874,1002,852,800,78,1117,25.86473929,21.99277233,20.65049045,2.01342282,28.83324729,382815.265625,2868.79928583571
34,42101002702,2010,Census tract,3566,100,125,148,53,3133,2.80426248,3.5053281,4.15030847,1.48625911,87.85754347,625938.94921875,3312.803683579
35,42101002801,2010,Census tract,4324,1360,325,1256,79,1282,31.45235893,7.51618871,29.04717854,1.82701203,29.64847364,379603.609375,2860.60987392366
36,42101002802,2010,Census tract,5539,1060,72,739,65,3588,19.13702834,1.29987362,13.34175844,1.17349702,64.77703557,617503.40625,3509.17707016628
37,42101002900,2010,Census tract,4141,301,102,262,105,3358,7.26877566,2.46317315,6.32697416,2.53561942,81.09152379,630349.109375,3759.95127192938
38,42101003001,2010,Census tract,4664,2282,1015,338,122,888,48.92795883,21.76243568,7.24699828,2.61578045,19.03945111,385746.25390625,2510.54145619303
39,42101003002,2010,Census tract,3200,331,1980,263,69,533,10.34375,61.875,8.21875,2.15625,16.65625,386436.41015625,2512.90141645221
40,42101003100,2010,Census tract,4437,197,3845,122,68,192,4.43993689,86.65765157,2.74960559,1.53256705,4.32724814,674166.73046875,3296.37047078166
41,42101003200,2010,Census tract,4875,45,4399,100,120,197,0.92307692,90.23589744,2.05128205,2.46153846,4.04102564,837344.1171875,3661.94559965747
42,42101003300,2010,Census tract,6162,227,4018,197,120,1573,3.68386887,65.20610191,3.19701396,1.94741967,25.52742616,1972678.9296875,7025.49415472903
43,42101003600,2010,Census tract,6723,906,3946,322,127,1404,13.47612673,58.6940354,4.78952848,1.88903763,20.88353414,1643001.9375,6485.51821515772
44,42101003701,2010,Census tract,6609,840,4843,268,140,506,12.70994099,73.27886216,4.05507641,2.1183235,7.65622636,605484.515625,3324.62866269411
45,42101003702,2010,Census tract,3707,694,1722,186,111,988,18.72133801,46.45265714,5.01753439,2.99433504,26.65227947,421323.1328125,3093.56860747065
46,42101003800,2010,Census tract,3898,196,68,118,42,3465,5.0282196,1.74448435,3.02719343,1.07747563,88.89173935,1853089.359375,5678.98774971558
47,42101003901,2010,Census tract,6062,1107,564,384,103,3886,18.2612999,9.30386011,6.33454306,1.6991092,64.10425602,715618.34375,3609.69562460844
48,42101003902,2010,Census tract,5507,80,17,99,44,5263,1.45269657,0.30869802,1.797712,0.79898311,95.56927547,772269.5078125,3875.49674486853
49,42101004001,2010,Census tract,4259,514,89,352,65,3220,12.06856069,2.08969242,8.2648509,1.52617985,75.60460202,536194.51953125,2905.81506736782
50,42101004002,2010,Census tract,4998,208,25,208,42,4507,4.16166467,0.50020008,4.16166467,0.84033613,90.17607043,586915.375,3068.18277562284
51,42101004101,2010,Census tract,6243,2081,1281,1288,150,1419,33.33333333,20.51898126,20.63110684,2.40269101,22.72945699,636636.875,3206.80181035171
52,42101004102,2010,Census tract,7848,2365,803,1125,182,3351,30.13506626,10.23190622,14.33486239,2.31906218,42.69877676,666987.79296875,3280.10917749386
53,42101004201,2010,Census tract,5105,431,278,274,65,4050,8.44270323,5.44564153,5.36728697,1.27326151,79.33398629,615624.484375,3209.41198998041
54,42101004202,2010,Census tract,4925,538,247,300,97,3732,10.92385787,5.01522843,6.09137056,1.96954315,75.77664975,771637.1796875,3556.38138508729
55,42101005000,2010,Census tract,13,0,1,4,0,8,0,7.69230769,30.76923077,0,61.53846154,13955531.7539063,19078.6996228956
56,42101005400,2010,Census tract,1314,79,997,49,22,160,6.01217656,75.87519026,3.72907154,1.67427702,12.17656012,4068454.5546875,9787.62534631282
57,42101005500,2010,Census tract,5635,204,4420,152,133,710,3.6202307,78.43833185,2.6974268,2.36024845,12.59982254,2008105.97265625,8110.38501696759
58,42101005600,2010,Census tract,1111,42,931,26,26,85,3.78037804,83.79837984,2.34023402,2.34023402,7.65076508,1429776.0546875,4686.59175741228
59,42101006000,2010,Census tract,6450,410,4593,170,104,1112,6.35658915,71.20930233,2.63565891,1.6124031,17.24031008,1858494.25390625,5650.72961826321
60,42101006100,2010,Census tract,3123,291,2308,49,53,412,9.3179635,73.90329811,1.56900416,1.69708614,13.19244316,897740.75,4079.00349950751
61,42101006200,2010,Census tract,4524,221,3704,107,76,408,4.88505747,81.87444739,2.36516357,1.67992927,9.01856764,867390.75,3761.392875698
62,42101006300,2010,Census tract,4236,612,3115,189,72,224,14.44759207,73.53635505,4.46175637,1.69971671,5.28800755,945839.53515625,4622.23364200879
63,42101006400,2010,Census tract,4472,526,3372,146,95,314,11.76207513,75.40250447,3.2647585,2.12432916,7.02146691,1110996.5390625,5213.19991074162
64,42101006500,2010,Census tract,4486,24,4255,78,71,31,0.53499777,94.85064646,1.73874276,1.58270174,0.69103879,1940776.49609375,9302.16137467486
65,42101006600,2010,Census tract,3750,417,2914,149,74,178,11.12,77.70666667,3.97333333,1.97333333,4.74666667,1108895.0859375,4449.31074302989
66,42101006700,2010,Census tract,7472,539,5691,279,155,763,7.21359743,76.1643469,3.73394004,2.07441113,10.2114561,1706382.08203125,5306.67800618849
67,42101006900,2010,Census tract,2539,2,2378,55,30,56,0.07877117,93.65892083,2.16620717,1.18156755,2.20559275,1382492.59765625,6100.31372719275
68,42101007000,2010,Census tract,3990,30,3788,40,65,51,0.7518797,94.93734336,1.00250627,1.62907268,1.27819549,799708.6484375,3625.23130046285
69,42101007101,2010,Census tract,2557,23,2308,40,57,122,0.89949159,90.26202581,1.5643332,2.22917481,4.77121627,431291.5625,2926.10007229706
70,42101007102,2010,Census tract,4924,19,4715,70,71,31,0.38586515,95.75548335,1.42160845,1.44191714,0.62956946,708100.4765625,3431.93594453045
71,42101007200,2010,Census tract,4773,41,4459,115,76,60,0.85899853,93.42132831,2.40938613,1.59228996,1.25707102,856105.85546875,3947.03763611043
72,42101007300,2010,Census tract,3088,33,2696,81,76,184,1.06865285,87.30569948,2.62305699,2.4611399,5.95854922,659489.015625,3857.48141154352
73,42101007400,2010,Census tract,4338,62,3762,120,77,285,1.42923006,86.7219917,2.76625173,1.77501153,6.56984786,1150582.1953125,4609.3493293111
74,42101007700,2010,Census tract,2380,586,696,51,58,966,24.62184874,29.24369748,2.14285714,2.43697479,40.58823529,548542.171875,3898.60544772224
75,42101007800,2010,Census tract,4177,245,1470,203,141,2099,5.86545367,35.19272205,4.85994733,3.37562844,50.25137659,728073.40234375,3615.8437902255
76,42101007900,2010,Census tract,4553,260,1699,242,186,2123,5.71052054,37.31605535,5.31517681,4.08521854,46.62859653,643945.8046875,3440.15879694337
77,42101008000,2010,Census tract,3951,47,3291,138,83,372,1.18957226,83.29536826,3.49278664,2.10073399,9.41533789,733424.859375,3406.4715801543
78,42101008101,2010,Census tract,2758,12,2610,48,48,32,0.4350979,94.6337926,1.74039159,1.74039159,1.16026106,415214.1171875,2830.62273781765
79,42101008102,2010,Census tract,5028,10,4786,101,77,33,0.19888624,95.18695306,2.00875099,1.53142403,0.65632458,617581.46875,3182.70477630921
80,42101008200,2010,Census tract,6797,47,6461,125,104,38,0.69148154,95.05664264,1.83904664,1.5300868,0.55907018,1438214.671875,4780.98059024168
81,42101008301,2010,Census tract,4081,44,3779,85,56,96,1.07816712,92.59985298,2.08282284,1.37221269,2.35236462,881873.0390625,4340.63414377369
82,42101008302,2010,Census tract,4307,40,4049,109,48,27,0.92872069,94.00975157,2.53076387,1.11446482,0.62688646,724556.41015625,4138.71176012725
83,42101008400,2010,Census tract,4488,22,4209,90,105,35,0.49019608,93.78342246,2.00534759,2.33957219,0.7798574,854982.26171875,3701.49813141015
84,42101008500,2010,Census tract,6313,95,5713,131,103,210,1.5048313,90.49580231,2.07508316,1.63155394,3.32646919,1058875.08203125,4129.12494699977
85,42101008601,2010,Census tract,2947,292,1070,118,87,1351,9.9083814,36.30810994,4.00407194,2.95215473,45.8432304,430148.1640625,3236.99844307604
86,42101008602,2010,Census tract,3010,106,2395,108,76,303,3.52159468,79.56810631,3.58803987,2.52491694,10.06644518,629041.4296875,3458.89243488676
87,42101008701,2010,Census tract,4147,1062,661,217,150,2031,25.60887388,15.93923318,5.23269834,3.61707258,48.97516277,442189.40625,3323.98013568838
88,42101008702,2010,Census tract,3036,665,381,196,79,1699,21.90382082,12.54940711,6.45586298,2.60210804,55.96179183,483125.76953125,3224.621315884
89,42101008801,2010,Census tract,988,298,88,55,33,510,30.16194332,8.90688259,5.56680162,3.34008097,51.6194332,314820.7578125,2387.22420851149
90,42101008802,2010,Census tract,6983,1887,782,350,278,3660,27.02276958,11.19862523,5.01217242,3.98109695,52.41300301,671388.234375,3891.89630000101
91,42101009000,2010,Census tract,5576,949,435,231,130,3795,17.01936872,7.80129125,4.14275466,2.33142037,68.05954089,743322.890625,3733.1174094218
92,42101009100,2010,Census tract,2803,360,1159,99,65,1104,12.84338209,41.34855512,3.53193007,2.31894399,39.38637174,725224.47265625,3375.60578078992
93,42101009200,2010,Census tract,2884,188,2201,97,73,314,6.51872399,76.31761442,3.36338419,2.53120666,10.88765603,872537.34765625,3975.32502155077
94,42101009300,2010,Census tract,4221,28,3934,94,74,70,0.66334992,93.20066335,2.22696044,1.75313907,1.65837479,684354.37890625,3517.50105372757
95,42101009400,2010,Census tract,3827,8,3655,76,51,21,0.20904102,95.50561798,1.98588973,1.33263653,0.54873269,624994.62890625,3197.79786487727
96,42101009500,2010,Census tract,3313,6,3148,66,53,17,0.18110474,95.01961968,1.99215213,1.59975853,0.51313009,543807.7578125,3306.35729247452
97,42101009600,2010,Census tract,4238,27,3963,82,86,62,0.63709297,93.51109014,1.93487494,2.02925908,1.46295422,690816.71484375,3398.14701956584
98,42101009801,2010,Census tract,2184,41,1794,44,54,235,1.87728938,82.14285714,2.01465201,2.47252747,10.76007326,512451.57421875,3149.00798030556
99,42101009802,2010,Census tract,5475,107,4561,125,87,584,1.9543379,83.30593607,2.28310502,1.5890411,10.66666667,1019775.43359375,5776.94200235367
100,42101010000,2010,Census tract,4366,66,3624,153,45,446,1.51168117,83.00503894,3.50435181,1.03069171,10.21530005,847363.26171875,4340.68729780935
101,42101010100,2010,Census tract,5459,38,5093,129,83,87,0.69609819,93.29547536,2.36307016,1.52042499,1.59369848,1025320.43359375,4126.77529232815
102,42101010200,2010,Census tract,3187,8,3056,34,44,20,0.25101977,95.8895513,1.06683401,1.38060872,0.62754942,614691.11328125,3212.65961893169
103,42101010300,2010,Census tract,2449,12,2302,57,59,10,0.48999592,93.99755002,2.3274806,2.40914659,0.40832993,479455.8515625,3111.36730615815
104,42101010400,2010,Census tract,3332,5,3082,113,41,72,0.15006002,92.4969988,3.39135654,1.2304922,2.16086435,806354.890625,4269.75772110373
105,42101010500,2010,Census tract,3746,20,3462,84,63,95,0.53390283,92.41857982,2.24239188,1.68179391,2.53603844,1121039.54296875,5393.73005368987
106,42101010600,2010,Census tract,1476,35,1326,15,53,37,2.37127371,89.83739837,1.01626016,3.59078591,2.50677507,452442.94921875,3150.92247206559
107,42101010700,2010,Census tract,3562,10,3345,79,36,67,0.28074116,93.9079169,2.21785514,1.01066816,1.88096575,784907.42578125,4049.59322015056
108,42101010800,2010,Census tract,3611,46,3116,87,84,252,1.27388535,86.2918859,2.4093049,2.32622542,6.97867627,998249.38671875,4921.31150413629
109,42101010900,2010,Census tract,2313,75,1723,58,39,397,3.24254215,74.49200173,2.50756593,1.68612192,17.16385646,422949.48828125,2769.32126643098
110,42101011000,2010,Census tract,3470,8,3206,98,55,92,0.23054755,92.39193084,2.82420749,1.58501441,2.65129683,806161.359375,4411.08595343312
111,42101011100,2010,Census tract,3712,38,3451,82,43,63,1.0237069,92.96875,2.20905172,1.15840517,1.69719828,2218687.7421875,6751.45502903193
112,42101011200,2010,Census tract,5494,17,5190,100,117,38,0.30942847,94.46669094,1.82016746,2.12959592,0.69166363,857810.671875,3710.62350915926
113,42101011300,2010,Census tract,2917,15,2759,49,61,22,0.51422695,94.58347617,1.67980802,2.09118958,0.75419952,571021.8515625,3196.59220759814
114,42101011400,2010,Census tract,6126,51,5618,134,126,148,0.83251714,91.70747633,2.18739798,2.05680705,2.41593209,1658933.58203125,5544.26502659636
115,42101011500,2010,Census tract,4282,41,3646,154,75,350,0.9574965,85.14712751,3.59645026,1.75151798,8.17375058,631735.109375,3196.49576541398
116,42101011700,2010,Census tract,1931,29,713,57,36,1093,1.50181253,36.92387364,2.95183843,1.86431901,56.60279648,1117951.2265625,4731.60704640904
117,42101011800,2010,Census tract,5621,32,5211,94,94,152,0.56929372,92.70592421,1.6723003,1.6723003,2.70414517,1560700.3046875,7042.46133726008
118,42101011900,2010,Census tract,5195,38,4769,127,107,127,0.73147257,91.79980751,2.44465833,2.05967276,2.44465833,1178591.75390625,5578.06730184994
119,42101012000,2010,Census tract,1947,52,1058,64,39,720,2.67077555,54.34001027,3.28710837,2.00308166,36.97996918,1024355.44140625,4090.56913496656
120,42101012100,2010,Census tract,2547,107,1687,54,52,634,4.20102081,66.23478602,2.12014134,2.04161759,24.89202984,1502547.45703125,5607.91651424459
121,42101012201,2010,Census tract,2911,434,1089,112,103,1157,14.90896599,37.4098248,3.84747509,3.53830299,39.74579182,615149.4765625,3789.43896826913
122,42101012203,2010,Census tract,1120,255,338,37,32,443,22.76785714,30.17857143,3.30357143,2.85714286,39.55357143,382401.1328125,3146.22328055286
123,42101012204,2010,Census tract,3564,111,2363,92,94,893,3.11447811,66.30190797,2.58136925,2.63748597,25.05611672,1586564.92578125,7693.70591309805
124,42101012500,2010,Census tract,5210,798,562,281,112,3433,15.31669866,10.78694818,5.39347409,2.14971209,65.8925144,1552850.30078125,6987.08734132355
125,42101013100,2010,Census tract,1529,43,1081,106,33,257,2.81229562,70.69980379,6.93263571,2.15827338,16.80837148,549181.8671875,2974.72104639686
126,42101013200,2010,Census tract,2914,99,2297,223,52,226,3.3973919,78.82635553,7.65271105,1.78448868,7.75566232,727217.1953125,3428.85742936636
127,42101013300,2010,Census tract,2854,123,1082,240,62,1336,4.30974071,37.91170287,8.40925018,2.17238963,46.81149264,610072.26171875,3467.7339596011
128,42101013401,2010,Census tract,2288,62,78,66,23,2056,2.70979021,3.40909091,2.88461538,1.00524476,89.86013986,280806.90625,2311.70940188584
129,42101013402,2010,Census tract,2922,129,303,347,60,2076,4.41478439,10.36960986,11.87542779,2.05338809,71.04722793,406704.23046875,2588.71114445921
130,42101013500,2010,Census tract,3222,77,1248,251,59,1575,2.38981999,38.73370577,7.79019243,1.83116077,48.88268156,690216.046875,3555.76844834348
131,42101013601,2010,Census tract,2677,117,84,96,60,2316,4.37056406,3.13784087,3.58610385,2.2413149,86.51475532,285724.11328125,2467.79614265228
132,42101013602,2010,Census tract,3503,112,261,132,71,2917,3.19725949,7.45075649,3.76819869,2.02683414,83.27148159,400065.50390625,3037.05845139952
133,42101013700,2010,Census tract,4813,81,3651,164,117,789,1.68294203,75.85705381,3.40743819,2.43091627,16.39310202,1005421.1796875,4062.70201064666
134,42101013800,2010,Census tract,2061,19,1805,73,33,119,0.92188258,87.57884522,3.54196992,1.60116448,5.77389617,581822.5625,3471.42556034246
135,42101013900,2010,Census tract,3764,34,3027,212,63,418,0.90329437,80.41976621,5.63230606,1.67375133,11.10520723,959714.67578125,4676.78119489706
136,42101014000,2010,Census tract,3010,122,2265,172,50,385,4.05315615,75.24916944,5.71428571,1.66112957,12.79069767,749565.65234375,3464.15424550602
137,42101014100,2010,Census tract,2094,70,1552,255,22,188,3.34288443,74.1165234,12.17765043,1.05062082,8.97803247,958246.6953125,4743.71156698013
138,42101014200,2010,Census tract,3570,147,281,404,90,2641,4.11764706,7.87114846,11.31652661,2.5210084,73.97759104,1711259.12890625,6894.38129192307
139,42101014300,2010,Census tract,1439,54,62,103,30,1188,3.75260598,4.3085476,7.15774844,2.0847811,82.55733148,1410379.953125,6071.94323018246
140,42101014400,2010,Census tract,3105,61,488,1146,103,1302,1.96457327,15.71658615,36.90821256,3.31723027,41.93236715,1038906.65234375,4315.94853154732
141,42101014500,2010,Census tract,2464,103,1425,427,25,474,4.18019481,57.83279221,17.32954545,1.01461039,19.23701299,548061.77734375,2987.22161897946
142,42101014600,2010,Census tract,4289,207,2205,138,89,1617,4.82629984,51.41058522,3.21753322,2.07507578,37.70109583,758770.125,3621.68530754358
143,42101014700,2010,Census tract,3939,226,1641,186,112,1747,5.73749683,41.66031988,4.72201066,2.84336126,44.35135821,575856.828125,3078.46754673068
144,42101014800,2010,Census tract,785,31,702,23,10,18,3.94904459,89.42675159,2.92993631,1.27388535,2.29299363,325910.73046875,2365.76829042227
145,42101014900,2010,Census tract,3967,19,3723,114,57,40,0.47895135,93.84925637,2.87370809,1.43685405,1.00831863,772798.1328125,4444.96756464854
146,42101015101,2010,Census tract,2038,9,1942,32,24,19,0.44160942,95.28949951,1.57016683,1.17762512,0.93228656,329305.83984375,2527.61028201842
147,42101015102,2010,Census tract,4269,14,4081,87,50,19,0.32794565,95.59615835,2.037948,1.17123448,0.4450691,952993.953125,3922.435916455
148,42101015200,2010,Census tract,6133,21,5731,142,100,114,0.34240991,93.44529594,2.31534323,1.6305234,1.85879667,1137219.40234375,4764.5460516266
149,42101015300,2010,Census tract,4962,262,2225,135,96,2232,5.28012898,44.84079,2.72067715,1.93470375,44.98186215,800105.6328125,3574.20573768298
150,42101015600,2010,Census tract,1741,24,373,1109,16,209,1.37851809,21.4244687,63.69902355,0.91901206,12.00459506,732510.31640625,3525.76535466985
151,42101015700,2010,Census tract,2641,26,232,1493,62,814,0.98447558,8.78455131,56.53161681,2.34759561,30.82165846,827279.45703125,3734.87347329397
152,42101015800,2010,Census tract,5684,121,115,274,129,5037,2.12878255,2.02322308,4.82054891,2.2695285,88.61717101,989080.765625,4186.20336489578
153,42101016000,2010,Census tract,7002,161,183,424,132,6088,2.29934304,2.61353899,6.05541274,1.88517566,86.94658669,1229118.2890625,4440.0008964416
154,42101016100,2010,Census tract,5590,759,582,1736,111,2375,13.57781753,10.41144902,31.05545617,1.98568873,42.48658318,1206658.24609375,4596.32855655079
155,42101016200,2010,Census tract,2225,33,423,1664,12,83,1.48314607,19.01123596,74.78651685,0.53932584,3.73033708,622401.08203125,3719.00690409361
156,42101016300,2010,Census tract,3248,212,434,2434,11,150,6.5270936,13.36206897,74.93842365,0.33866995,4.6182266,975885.328125,4326.89418710351
157,42101016400,2010,Census tract,4564,19,1733,2709,36,56,0.41630149,37.971078,59.35582822,0.78878177,1.22699387,827289.7265625,3639.43755733501
158,42101016500,2010,Census tract,2758,12,2467,205,21,42,0.4350979,89.448876,7.43292241,0.76142132,1.52284264,673228.53515625,3799.97965732691
159,42101016600,2010,Census tract,1788,58,1327,109,34,249,3.24384787,74.21700224,6.09619687,1.901566,13.9261745,445350.54296875,3331.80303677317
160,42101016701,2010,Census tract,3055,4,2857,68,42,58,0.1309329,93.5188216,2.22585925,1.37479542,1.898527,433321.68359375,3215.22180895992
161,42101016702,2010,Census tract,2903,35,2544,85,44,178,1.20564933,87.6334826,2.92800551,1.51567344,6.13158801,605694.61328125,3326.52756451634
162,42101016800,2010,Census tract,3935,15,3730,84,50,42,0.38119441,94.79034307,2.13468869,1.27064803,1.06734435,991501.46484375,4375.75959451503
163,42101016901,2010,Census tract,3466,10,3295,71,43,26,0.28851702,95.06635892,2.04847086,1.2406232,0.75014426,874893.74609375,3908.43228184524
164,42101016902,2010,Census tract,5524,2,5288,109,84,26,0.03620565,95.72773353,1.97320782,1.52063722,0.47067343,961568.03125,4067.20933436082
165,42101017000,2010,Census tract,2953,56,2198,129,27,533,1.89637657,74.43278022,4.36843888,0.91432442,18.04944125,2764059.00390625,7709.55002437568
166,42101017100,2010,Census tract,4047,3,3871,81,49,34,0.07412898,95.65109958,2.00148258,1.21077341,0.84012849,1946094.48046875,6674.44190309329
167,42101017201,2010,Census tract,3194,10,3037,74,33,25,0.31308704,95.0845335,2.31684408,1.03318723,0.7827176,448625.9140625,3333.14348551283
168,42101017202,2010,Census tract,4056,7,3862,112,45,18,0.17258383,95.21696252,2.76134122,1.10946746,0.44378698,495704.828125,3134.96838979466
169,42101017300,2010,Census tract,3165,23,2878,129,37,87,0.72669826,90.93206951,4.07582938,1.16903633,2.74881517,1492162.40234375,5638.26945712479
170,42101017400,2010,Census tract,2419,14,2185,158,33,25,0.57875155,90.32658123,6.53162464,1.36420008,1.03348491,603870.32421875,3097.31562103564
171,42101017500,2010,Census tract,7016,23,1814,5025,36,99,0.32782212,25.85518814,71.62200684,0.51311288,1.41106043,1238756.30859375,4844.33793325215
172,42101017601,2010,Census tract,5562,26,305,5074,22,116,0.46745775,5.48363898,91.22617763,0.39554117,2.08558073,991242.1875,4461.47105269937
173,42101017602,2010,Census tract,3914,42,487,3199,16,170,1.07307103,12.44251405,81.73224323,0.40878896,4.34338273,679736.80078125,4217.96167461408
174,42101017701,2010,Census tract,3705,124,1019,2177,64,310,3.34682861,27.50337382,58.75843455,1.72739541,8.36707152,411106.078125,3092.91865199571
175,42101017702,2010,Census tract,5076,125,876,3535,47,468,2.46256895,17.25768322,69.64144996,0.92592593,9.21985816,834701.0859375,3897.49138966516
176,42101017800,2010,Census tract,6704,194,1695,3370,104,1324,2.89379475,25.28341289,50.26849642,1.55131265,19.74940334,1130609.05859375,4772.17993714497
177,42101017900,2010,Census tract,6313,60,1272,2196,145,2624,0.95041977,20.1488991,34.78536354,2.29684777,41.56502455,1217754.12890625,5210.83559348814
178,42101018001,2010,Census tract,2586,27,52,176,28,2298,1.04408353,2.01082753,6.8058778,1.08275329,88.86310905,660550.37109375,3489.27724962693
179,42101018002,2010,Census tract,5451,29,33,187,47,5150,0.53201247,0.60539351,3.4305632,0.86222711,94.47807742,749961.77734375,3743.99781936877
180,42101018300,2010,Census tract,4313,16,24,91,46,4126,0.37097148,0.55645722,2.1099003,1.06654301,95.66427081,3314647.22265625,9430.2734246639
181,42101018400,2010,Census tract,2260,16,8,84,37,2109,0.7079646,0.3539823,3.71681416,1.63716814,93.31858407,3819744.28125,10492.8950500178
182,42101018800,2010,Census tract,8322,89,2146,3865,146,2046,1.06945446,25.78707042,46.4431627,1.75438596,24.58543619,1131692.38671875,4472.19139422386
183,42101019000,2010,Census tract,7543,343,1559,4209,109,1296,4.54726236,20.66816916,55.80007954,1.44504839,17.18149277,1350244.21875,5483.87473387171
184,42101019100,2010,Census tract,7937,848,860,4602,94,1520,10.68413758,10.83532821,57.98160514,1.18432657,19.15081265,2491484.7890625,7728.47075014006
185,42101019200,2010,Census tract,7972,263,1712,5070,71,825,3.29904666,21.47516307,63.59759157,0.89061716,10.34872052,1120759.42578125,5638.1481818065
186,42101019501,2010,Census tract,4927,33,536,4100,32,217,0.66977877,10.87883093,83.2149381,0.64948244,4.40430282,672001.69921875,3868.21543228085
187,42101019502,2010,Census tract,3675,20,335,3096,24,196,0.54421769,9.11564626,84.24489796,0.65306122,5.33333333,631817.765625,3722.36934856475
188,42101019700,2010,Census tract,7001,94,2188,4477,63,160,1.34266533,31.25267819,63.94800743,0.89987145,2.2853878,768830.20703125,3791.74418903775
189,42101019800,2010,Census tract,6195,157,2005,3868,35,103,2.53430186,32.36481033,62.43744956,0.56497175,1.66263115,923440.6796875,4189.5178383324
190,42101019900,2010,Census tract,4419,9,1643,2622,22,100,0.20366599,37.18035755,59.33469111,0.49785019,2.26295542,1129508.2421875,4314.96256694531
191,42101020000,2010,Census tract,1265,79,1006,70,14,88,6.24505929,79.5256917,5.53359684,1.10671937,6.95652174,540305.859375,4048.13261115754
192,42101020101,2010,Census tract,3547,36,3229,139,62,71,1.0149422,91.03467719,3.91880462,1.74795602,2.00169157,825115.44921875,4116.54706381012
193,42101020102,2010,Census tract,3353,13,3075,145,61,48,0.3877125,91.70891739,4.32448554,1.81926633,1.43155383,636788.3515625,3460.11557500992
194,42101020200,2010,Census tract,5189,14,4802,122,99,135,0.2698015,92.54191559,2.35112738,1.90788206,2.60165735,1291571.7734375,5104.43391016897
195,42101020300,2010,Census tract,2769,22,2397,181,47,106,0.79451065,86.56554713,6.53665583,1.69736367,3.82809679,867222.25390625,5262.76004869772
196,42101020400,2010,Census tract,3050,16,2801,122,52,49,0.52459016,91.83606557,4,1.70491803,1.60655738,695455.90625,3715.32612290067
197,42101020500,2010,Census tract,2819,100,2532,50,31,94,3.54735722,89.81908478,1.77367861,1.09968074,3.33451579,2439908.4140625,6895.62367753543
198,42101020600,2010,Census tract,1819,145,598,84,32,953,7.97141286,32.87520616,4.61792194,1.75920836,52.39142386,2309274.33984375,6123.43004376201
199,42101020700,2010,Census tract,5841,195,759,195,137,4540,3.33846944,12.99435028,3.33846944,2.34548879,77.72641671,2586516.6328125,7806.87317246502
200,42101020800,2010,Census tract,1971,161,583,104,49,1068,8.16844242,29.57889396,5.27650939,2.48604769,54.18569254,1505192.203125,7761.80430813551
201,42101020900,2010,Census tract,2910,88,119,90,72,2531,3.02405498,4.08934708,3.09278351,2.4742268,86.97594502,933357.140625,5261.1554388147
202,42101021000,2010,Census tract,4917,85,147,116,66,4496,1.72869636,2.98962782,2.35916209,1.34228188,91.43786862,1548372.08984375,5818.54663062822
203,42101021100,2010,Census tract,2327,68,171,65,41,1978,2.92221745,7.3485174,2.79329609,1.76192523,85.00214869,937304.3359375,4993.59355065163
204,42101021200,2010,Census tract,2245,80,148,73,39,1901,3.56347439,6.59242762,3.25167038,1.73719376,84.67706013,880753.5390625,3822.84770910539
205,42101021300,2010,Census tract,3551,40,187,134,53,3127,1.12644326,5.26612222,3.77358491,1.49253731,88.05970149,920160.16796875,4470.73475225137
206,42101021400,2010,Census tract,3880,67,254,109,64,3377,1.72680412,6.54639175,2.80927835,1.64948454,87.03608247,1123958.52734375,4560.67609531463
207,42101021500,2010,Census tract,3857,81,159,97,64,3447,2.10007778,4.1223749,2.51490796,1.65932072,89.36997667,1773741.8125,7042.29722001619
208,42101021600,2010,Census tract,1826,67,162,59,28,1505,3.66922234,8.87185104,3.23110624,1.53340635,82.42059146,3577751.546875,9376.06362827515
209,42101021700,2010,Census tract,5772,202,464,190,90,4810,3.4996535,8.03880804,3.29175329,1.55925156,83.33333333,2664098.8984375,7134.52573784263
210,42101021800,2010,Census tract,4259,226,547,181,86,3203,5.30640996,12.84339047,4.2498239,2.01925335,75.20544729,1747890.9921875,7317.19706892714
211,42101021900,2010,Census tract,1432,23,76,36,15,1278,1.60614525,5.30726257,2.51396648,1.04748603,89.24581006,2502382.98828125,8270.92423518146
212,42101022000,2010,Census tract,1681,59,150,31,26,1414,3.50981559,8.92325996,1.84414039,1.54669839,84.11659726,5193617.70703125,10387.2780044059
213,42101023100,2010,Census tract,1262,24,41,39,26,1129,1.90174326,3.24881141,3.09033281,2.06022187,89.46117274,1248959.1875,6000.84685368142
214,42101023500,2010,Census tract,1161,19,427,26,24,656,1.63652024,36.7786391,2.23944875,2.06718346,56.50301464,1363980.0703125,8466.67870200459
215,42101023600,2010,Census tract,2619,38,964,71,70,1461,1.45093547,36.80794196,2.71095838,2.67277587,55.78465063,1670788.21875,6108.56397064046
216,42101023700,2010,Census tract,4566,38,2880,152,150,1319,0.83223828,63.07490145,3.32895313,3.28515112,28.88742882,1833159.6875,5919.67877817884
217,42101023800,2010,Census tract,4391,43,2781,153,125,1251,0.97927579,63.33409246,3.48439991,2.84673195,28.49009337,1335081.125,4774.64594762814
218,42101023900,2010,Census tract,1777,73,1279,63,33,320,4.10804727,71.97523917,3.54530107,1.85706246,18.00787845,834672.2578125,4070.86290433509
219,42101024000,2010,Census tract,3822,137,2436,130,104,987,3.58451073,63.73626374,3.40136054,2.72108844,25.82417582,1053656.0625,4342.36258997807
220,42101024100,2010,Census tract,1433,15,1143,43,25,200,1.04675506,79.76273552,3.00069784,1.74459177,13.95673412,696497.640625,3463.7740215425
221,42101024200,2010,Census tract,4236,20,3498,124,129,447,0.47214353,82.57790368,2.9272899,3.04532578,10.55240793,908497.3515625,3883.46452324414
222,42101024300,2010,Census tract,3913,33,3258,110,109,386,0.8433427,83.26092512,2.81114235,2.78558651,9.86455405,1159199.6875,4444.00181933812
223,42101024400,2010,Census tract,3129,25,2790,77,72,146,0.79897731,89.16586769,2.46085011,2.30105465,4.66602748,719108.640625,3470.05570292303
224,42101024500,2010,Census tract,4035,8,3712,113,69,120,0.19826518,91.99504337,2.80049566,1.71003717,2.9739777,1369869.07421875,6427.93759270228
225,42101024600,2010,Census tract,2956,13,2579,101,46,195,0.43978349,87.24627876,3.41677943,1.55615697,6.59675237,1061163.90625,5627.97731003671
226,42101024700,2010,Census tract,4423,22,3887,134,75,278,0.49739995,87.88152837,3.02961791,1.69568166,6.2853267,1608527.43359375,5454.90209111734
227,42101024800,2010,Census tract,1889,7,1784,33,26,26,0.37056644,94.44150344,1.74695606,1.37638962,1.37638962,545403.73828125,3534.52586508658
228,42101024900,2010,Census tract,3311,8,3123,84,49,40,0.24161885,94.32195711,2.53699789,1.47991543,1.20809423,555655.03515625,3360.26803845507
229,42101025200,2010,Census tract,7118,35,6262,270,172,348,0.49171115,87.97415004,3.79320034,2.4164091,4.88901377,1627057.6875,5070.40280118313
230,42101025300,2010,Census tract,4002,26,3496,132,95,229,0.64967516,87.35632184,3.29835082,2.37381309,5.72213893,993383.72265625,4286.9384418268
231,42101025400,2010,Census tract,3920,15,3382,106,97,305,0.38265306,86.2755102,2.70408163,2.4744898,7.78061224,1315614.7890625,4930.11056265957
232,42101025500,2010,Census tract,2571,41,1554,110,98,754,1.59471023,60.44340723,4.27849086,3.8117464,29.32711007,1310273.29296875,5105.06525545009
233,42101025600,2010,Census tract,2742,53,1174,103,104,1294,1.9328957,42.81546317,3.7563822,3.79285193,47.19183078,1482193.17578125,5067.14576724594
234,42101025700,2010,Census tract,3463,161,1096,158,88,1946,4.64914814,31.64885937,4.56251805,2.54114929,56.1940514,1276064.02734375,4540.9809135098
235,42101025800,2010,Census tract,1681,15,1539,33,36,54,0.892326,91.55264723,1.96311719,2.14158239,3.21237359,1002377.33984375,4035.19942343701
236,42101025900,2010,Census tract,4755,13,4483,103,78,63,0.27339642,94.27970557,2.1661409,1.64037855,1.32492114,939823.640625,3896.32544178618
237,42101026000,2010,Census tract,2788,8,2626,53,43,48,0.28694405,94.18938307,1.9010043,1.54232425,1.72166428,928152.04296875,3862.60497692288
238,42101026100,2010,Census tract,2995,5,2834,39,60,51,0.16694491,94.62437396,1.30217028,2.0033389,1.70283806,1110098.0390625,4312.54335481492
239,42101026200,2010,Census tract,4065,8,3824,79,86,44,0.19680197,94.07134071,1.94341943,2.11562116,1.08241082,950337.3984375,4755.66576890554
240,42101026301,2010,Census tract,3840,8,3633,61,65,61,0.20833333,94.609375,1.58854167,1.69270833,1.58854167,695282.72265625,3407.36068410124
241,42101026302,2010,Census tract,5480,24,5147,109,120,67,0.4379562,93.92335766,1.98905109,2.18978102,1.22262774,1204273.2734375,4580.78189193406
242,42101026400,2010,Census tract,5241,13,4998,62,93,53,0.24804427,95.36348025,1.18298035,1.77447052,1.01125739,1362116.4453125,5033.23880759022
243,42101026500,2010,Census tract,4340,3,4111,88,70,43,0.06912442,94.7235023,2.02764977,1.61290323,0.99078341,932628.34375,3981.541233543
244,42101026600,2010,Census tract,6667,9,6409,108,87,33,0.13499325,96.13019349,1.619919,1.30493475,0.49497525,1557850.97265625,5081.2016549492
245,42101026700,2010,Census tract,6565,24,6213,160,102,43,0.36557502,94.63823305,2.43716679,1.55369383,0.65498858,1100294.2578125,4201.87980163876
246,42101026800,2010,Census tract,4647,103,4012,149,112,247,2.21648375,86.33527007,3.2063697,2.41015709,5.31525716,1329179,6016.86450688176
247,42101026900,2010,Census tract,2199,61,1463,173,59,422,2.77398818,66.53024102,7.86721237,2.68303774,19.19054116,1058542.30859375,4291.99953203626
248,42101027000,2010,Census tract,2326,129,1750,117,41,265,5.54600172,75.23645744,5.03009458,1.76268272,11.39294927,1097240.67578125,4220.57302355125
249,42101027100,2010,Census tract,2453,515,1480,201,45,191,20.99470037,60.33428455,8.1940481,1.83448838,7.78638402,707616.578125,3808.96837599547
250,42101027200,2010,Census tract,4278,288,3325,276,77,283,6.73211781,77.72323516,6.4516129,1.7999065,6.61524077,1161026.703125,4781.15851826793
251,42101027300,2010,Census tract,6069,1396,3056,1084,99,406,23.00214203,50.35425935,17.86126215,1.63124073,6.68973472,1623000.12109375,5778.83663979671
252,42101027401,2010,Census tract,3457,942,1654,539,76,241,27.24905988,47.84495227,15.59155337,2.19843795,6.97136245,557996.66796875,4420.70446576442
253,42101027402,2010,Census tract,6800,1035,3943,1172,130,492,15.22058824,57.98529412,17.23529412,1.91176471,7.23529412,873359.2109375,4877.74658061917
254,42101027500,2010,Census tract,4489,545,2920,533,73,387,12.14078859,65.04789485,11.87346848,1.62619737,8.62107374,1040273.2734375,4868.03003367602
255,42101027600,2010,Census tract,3600,59,3196,121,98,107,1.63888889,88.77777778,3.36111111,2.72222222,2.97222222,1128548.91796875,4272.29680225588
256,42101027700,2010,Census tract,4788,187,4373,104,70,42,3.90559733,91.33249791,2.17209691,1.4619883,0.87719298,926676.28515625,5019.45736144122
257,42101027800,2010,Census tract,4481,44,4167,141,71,36,0.98192368,92.99263557,3.14661906,1.58446775,0.8033921,1238000.63671875,5361.01802524405
258,42101027901,2010,Census tract,3827,12,3592,84,77,41,0.31356154,93.85941991,2.19493076,2.01201986,1.07133525,710357.37890625,3520.48104659025
259,42101027902,2010,Census tract,3873,55,1912,161,91,1646,1.42008779,49.36741544,4.15698425,2.34959979,42.49935451,1517060.2734375,5659.70301161396
260,42101028000,2010,Census tract,4272,25,4016,127,59,29,0.58520599,94.00749064,2.97284644,1.38108614,0.67883895,1226439.47265625,4682.82823506721
261,42101028100,2010,Census tract,3589,62,3188,140,86,98,1.7275007,88.8269713,3.90080802,2.39621064,2.73056562,859869.59375,4416.10232550417
262,42101028200,2010,Census tract,4899,302,4043,278,96,155,6.16452337,82.52704634,5.67462747,1.95958359,3.163911,1465561.8125,5665.63020949211
263,42101028300,2010,Census tract,6173,492,5091,345,102,109,7.97019277,82.47205573,5.58885469,1.65235704,1.76575409,1149210.45703125,4469.55746606832
264,42101028400,2010,Census tract,4085,61,3001,859,54,81,1.49326805,73.46389229,21.02815177,1.32190942,1.98286414,816562.4296875,4252.90326687977
265,42101028500,2010,Census tract,2375,304,1087,884,48,44,12.8,45.76842105,37.22105263,2.02105263,1.85263158,471838.0859375,3515.17522352635
266,42101028600,2010,Census tract,7124,719,3582,2419,82,285,10.09264458,50.28074116,33.9556429,1.15103874,4.00056148,1227029.92578125,4884.56429961416
267,42101028700,2010,Census tract,2507,31,653,1698,27,93,1.23653769,26.04706821,67.73035501,1.07698444,3.70961308,576148.41015625,3180.58541452496
268,42101028800,2010,Census tract,4245,446,856,2441,61,419,10.50647821,20.16489988,57.50294464,1.43698469,9.87043581,774121.83984375,3816.16968173687
269,42101028901,2010,Census tract,3857,278,925,2247,38,347,7.20767436,23.98236972,58.25771325,0.98522167,8.9966295,1019428.5546875,5797.23557582524
270,42101028902,2010,Census tract,6315,579,1773,3330,83,519,9.16864608,28.0760095,52.73159145,1.31433096,8.21852732,1323628.17578125,6754.31222079367
271,42101029000,2010,Census tract,6160,1080,2707,1785,96,452,17.53246753,43.94480519,28.97727273,1.55844156,7.33766234,1433513.76171875,5332.99139080575
272,42101029100,2010,Census tract,4685,1209,1803,1077,109,459,25.80576307,38.48452508,22.98826041,2.32657417,9.79722519,2267004.48828125,8061.01263223801
273,42101029200,2010,Census tract,4080,324,1464,1507,78,697,7.94117647,35.88235294,36.93627451,1.91176471,17.08333333,3007188.18359375,10492.4215989976
274,42101029300,2010,Census tract,2891,51,1147,843,64,762,1.76409547,39.67485299,29.15946039,2.21376686,26.35766171,1170180.546875,5462.49732015672
275,42101029400,2010,Census tract,3141,35,1390,1005,45,649,1.11429481,44.25342248,31.99617956,1.43266476,20.66220949,1105363.72265625,4614.24910215665
276,42101029800,2010,Census tract,4715,124,1658,1124,97,1694,2.62990456,35.16436903,23.8388123,2.05726405,35.92788971,1109324.09765625,4526.82753696193
277,42101029900,2010,Census tract,4700,70,2353,1332,88,850,1.4893617,50.06382979,28.34042553,1.87234043,18.08510638,1009558.1796875,4468.08872994291
278,42101030000,2010,Census tract,7478,151,4451,1485,185,1170,2.01925649,59.52126237,19.85825087,2.47392351,15.64589462,1554852.74609375,5738.8199847267
279,42101030100,2010,Census tract,5869,97,3002,1188,155,1377,1.65275175,51.15011075,20.24194922,2.64099506,23.46225933,1237862.3515625,4587.09695015674
280,42101030200,2010,Census tract,7345,176,3511,1861,198,1545,2.39618788,47.80122532,25.33696392,2.69571137,21.03471749,1539539.21875,5094.45499376396
281,42101030501,2010,Census tract,5231,307,2728,1168,137,858,5.86885873,52.15064041,22.32842669,2.6190021,16.40221755,644669.87109375,3603.46462035798
282,42101030502,2010,Census tract,5839,404,3050,1070,104,1180,6.91899298,52.23497174,18.32505566,1.78112691,20.20893989,1194245.921875,4837.67671879901
283,42101030600,2010,Census tract,7115,440,1940,1307,158,3241,6.18411806,27.26633872,18.3696416,2.22066058,45.55165144,1725151.4375,6038.19026941177
284,42101030700,2010,Census tract,3235,219,685,503,79,1728,6.76970634,21.17465224,15.54868624,2.44204019,53.41576507,1123547.8125,4803.74720291825
285,42101030800,2010,Census tract,4874,647,890,586,93,2620,13.27451785,18.26015593,12.02297907,1.90808371,53.75461633,1359768.7890625,4844.34959493469
286,42101030900,2010,Census tract,3991,624,1370,850,56,1004,15.63517915,34.32723628,21.29792032,1.4031571,25.15660236,1101671.70703125,4846.96888533013
287,42101031000,2010,Census tract,6755,1420,1507,1065,132,2526,21.02146558,22.30940044,15.76609919,1.95410807,37.39452258,1816893.2890625,5424.75339449807
288,42101031101,2010,Census tract,4898,577,1972,1040,101,1062,11.7803185,40.26133116,21.23315639,2.06206615,21.68231931,597196.98828125,3252.58382778243
289,42101031102,2010,Census tract,4465,344,2020,1035,62,914,7.7043673,45.24076148,23.18029115,1.38857783,20.47032475,680049.99609375,3855.25579136361
290,42101031200,2010,Census tract,4673,523,2055,990,94,966,11.19195378,43.97603253,21.18553392,2.01155575,20.67194522,734108.21484375,4128.18910894321
291,42101031300,2010,Census tract,6945,1594,1759,1355,189,1868,22.95176386,25.32757379,19.51043916,2.72138229,26.89704824,1214693.74609375,4647.28961208434
292,42101031401,2010,Census tract,6664,1479,1376,1401,150,2074,22.19387755,20.6482593,21.02340936,2.25090036,31.12244898,1016242.17578125,4430.71920914946
293,42101031402,2010,Census tract,5595,1610,825,962,87,2035,28.77569258,14.74530831,17.19392315,1.55495979,36.3717605,963903.5078125,4399.05976513132
294,42101031501,2010,Census tract,6217,368,219,489,79,5042,5.91925366,3.52259932,7.86553,1.27070935,81.1002091,1002984.57421875,4231.50777142532
295,42101031502,2010,Census tract,4018,317,285,331,69,2970,7.88949726,7.09308113,8.23792932,1.71727227,73.91737183,987216.3671875,4370.82700133596
296,42101031600,2010,Census tract,6045,428,544,598,69,4366,7.0802316,8.99917287,9.89247312,1.14143921,72.22497932,1219310.953125,4663.96358422532
297,42101031700,2010,Census tract,6093,492,1287,1119,160,2981,8.07483998,21.1225997,18.36533727,2.62596422,48.9249959,1505491.9453125,4993.8258321385
298,42101031800,2010,Census tract,4017,261,1489,1033,92,1109,6.49738611,37.06746328,25.71570824,2.29026637,27.60766741,792655.8984375,4143.00731370078
299,42101031900,2010,Census tract,4971,121,1060,1005,142,2619,2.43411788,21.32367733,20.21726011,2.85656809,52.68557634,1320159.0390625,4788.75857012546
300,42101032000,2010,Census tract,6599,190,993,1079,96,4209,2.87922412,15.04773451,16.35096227,1.45476587,63.78239127,1163651.73046875,4878.9574243384
301,42101032100,2010,Census tract,3903,86,809,763,112,2098,2.20343326,20.7276454,19.54906482,2.8695875,53.75352293,943227.5,3853.15264945592
302,42101032300,2010,Census tract,3835,87,889,647,66,2105,2.26857888,23.18122555,16.87092568,1.72099087,54.88917862,1023805.48828125,4239.28734696538
303,42101032500,2010,Census tract,5766,116,883,820,165,3751,2.01179327,15.31390912,14.22129726,2.8616025,65.05376344,1433070.57421875,5588.38866312885
304,42101032600,2010,Census tract,6942,204,859,860,168,4831,2.9386344,12.37395563,12.3883607,2.42005186,69.590896,1382958.30859375,5405.69498067082
305,42101032900,2010,Census tract,4089,146,761,572,116,2468,3.57055515,18.61090731,13.98875031,2.83687943,60.35705551,1615483.6875,5774.13393074302
306,42101033000,2010,Census tract,7645,238,1188,1108,175,4913,3.11314585,15.53956835,14.49313277,2.28907783,64.26422498,1249533.48046875,4887.0126053164
307,42101033101,2010,Census tract,4913,147,158,291,45,4259,2.99206188,3.21595766,5.92306127,0.91593731,86.68837777,831744.62109375,4031.71953525056
308,42101033102,2010,Census tract,4145,79,227,277,63,3481,1.90591074,5.47647768,6.6827503,1.5199035,83.98069964,1262087.48046875,4644.02314057551
309,42101033200,2010,Census tract,2741,194,110,141,26,2269,7.07770887,4.01313389,5.14410799,0.94855892,82.7800073,1448591.5078125,5518.23925581688
310,42101033300,2010,Census tract,4244,140,391,245,61,3371,3.29877474,9.2130066,5.7728558,1.43732328,79.42978322,1780308.28515625,6239.17332830454
311,42101033400,2010,Census tract,4734,689,523,495,99,2859,14.55428813,11.04773975,10.45627376,2.09125475,60.39290241,2089784.19921875,6987.49592587382
312,42101033500,2010,Census tract,3680,588,333,409,103,2186,15.97826087,9.04891304,11.11413043,2.79891304,59.40217391,1611021.37890625,5676.37931222109
313,42101033600,2010,Census tract,6866,553,550,679,118,4836,8.05418002,8.01048645,9.88930964,1.71861346,70.43402272,1980224.98046875,5515.85702888722
314,42101033701,2010,Census tract,5128,364,250,502,95,3870,7.09828393,4.87519501,9.78939158,1.8525741,75.46801872,1656157.01953125,7179.84929826247
315,42101033702,2010,Census tract,5175,635,401,407,66,3624,12.2705314,7.74879227,7.8647343,1.27536232,70.02898551,1806209.55859375,8100.57146753595
316,42101033800,2010,Census tract,6040,284,511,508,123,4549,4.70198675,8.4602649,8.41059603,2.03642384,75.31456954,2393099.15625,6566.85971995106
317,42101033900,2010,Census tract,2924,117,213,273,49,2243,4.00136799,7.28454172,9.33652531,1.67578659,76.70998632,1960118.1953125,5945.20541970191
318,42101034000,2010,Census tract,2872,207,98,202,37,2317,7.20752089,3.41225627,7.03342618,1.28830084,80.67548747,1303048.625,5199.46680684499
319,42101034100,2010,Census tract,5577,193,262,272,75,4751,3.46064192,4.69786624,4.87717411,1.34480904,85.1891698,2313720.46484375,6115.27467280271
320,42101034200,2010,Census tract,3399,144,277,117,28,2829,4.23654016,8.14945572,3.44218888,0.8237717,83.23036187,1653634.296875,6571.57424057115
321,42101034400,2010,Census tract,7662,940,211,344,76,6049,12.26833725,2.75385017,4.48968938,0.99190812,78.94805534,5879772.37890625,11508.3490042477
322,42101034501,2010,Census tract,3370,504,298,184,42,2325,14.95548961,8.84272997,5.45994065,1.2462908,68.99109792,764761.328125,4405.40981718333
323,42101034502,2010,Census tract,5285,488,835,405,129,3388,9.23368023,15.79943236,7.66319773,2.44087039,64.10596026,1750243.140625,6612.91453166149
324,42101034600,2010,Census tract,2250,238,554,251,40,1160,10.57777778,24.62222222,11.15555556,1.77777778,51.55555556,3180374.18359375,7224.27123306707
325,42101034701,2010,Census tract,6399,831,679,547,151,4142,12.98640413,10.61103297,8.54821066,2.35974371,64.72886388,1931993.22265625,6712.18398684719
326,42101034702,2010,Census tract,3807,176,256,246,37,3086,4.62306278,6.72445495,6.46178093,0.97189388,81.06120305,1715277.59765625,7851.49628689116
327,42101034801,2010,Census tract,4299,61,211,174,54,3793,1.41893464,4.90811817,4.0474529,1.25610607,88.22982089,2376134.45703125,8188.05893049327
328,42101034802,2010,Census tract,5373,138,1175,471,112,3451,2.56839754,21.86860227,8.76605248,2.08449656,64.22855016,2119720.95703125,6153.43477856894
329,42101034803,2010,Census tract,4390,117,278,230,37,3711,2.66514806,6.33257403,5.23917995,0.8428246,84.53302961,2186876.42578125,6444.13059781319
330,42101034900,2010,Census tract,5543,302,1000,658,128,3422,5.44831319,18.04077215,11.87082807,2.30921883,61.73552228,3320927.796875,8422.36182451763
331,42101035100,2010,Census tract,4086,68,163,116,27,3703,1.66421929,3.98923152,2.83896231,0.66079295,90.62652961,2496773.6015625,6651.29486203353
332,42101035200,2010,Census tract,4482,259,86,169,37,3923,5.77867024,1.91878626,3.77063811,0.82552432,87.52788934,3182490.40234375,8126.76833815338
333,42101035301,2010,Census tract,5300,191,209,213,86,4587,3.60377358,3.94339623,4.01886792,1.62264151,86.54716981,2413661.1484375,6376.7967210898
334,42101035302,2010,Census tract,4462,160,250,206,83,3751,3.58583595,5.60286867,4.61676378,1.8601524,84.06544151,2592388.36328125,7709.4936805598
335,42101035500,2010,Census tract,7282,882,315,430,120,5510,12.11205713,4.32573469,5.90497116,1.64789893,75.66602582,3918887.12890625,8432.52287993729
336,42101035601,2010,Census tract,5439,453,47,203,53,4665,8.3287369,0.86412944,3.73230373,0.97444383,85.76944291,3494309.40234375,7771.77095047047
337,42101035602,2010,Census tract,3617,737,193,165,54,2455,20.37600221,5.33591374,4.56179154,1.49294996,67.87392867,2390185.6171875,6531.87022407323
338,42101035701,2010,Census tract,4745,1222,425,255,175,2628,25.75342466,8.95679663,5.37407798,3.68809273,55.38461538,1025800.7265625,5242.54549232861
339,42101035702,2010,Census tract,4405,373,129,191,102,3584,8.4676504,2.92849035,4.33598184,2.31555051,81.36208854,2668427.78125,6806.71001697913
340,42101035800,2010,Census tract,5948,545,286,284,125,4675,9.16274378,4.80833894,4.77471419,2.10154674,78.59784802,3012808.6796875,7094.10307121743
341,42101035900,2010,Census tract,5309,598,190,242,116,4147,11.2638915,3.5788284,4.55829723,2.18496892,78.11263892,3847075.28515625,8730.23083361895
342,42101036000,2010,Census tract,3201,667,281,138,89,2007,20.83723836,8.77850672,4.31115276,2.78038113,62.69915651,3497020.81640625,8568.25164820294
343,42101036100,2010,Census tract,4083,69,654,362,71,2921,1.68993387,16.01763409,8.86602988,1.73891746,71.54053392,2106613.765625,7264.63568349443
344,42101036201,2010,Census tract,4744,118,176,283,90,4053,2.48735245,3.70994941,5.96543002,1.89713322,85.43423272,1790690.06640625,5822.82648572029
345,42101036202,2010,Census tract,6138,185,376,253,88,5232,3.01401108,6.12577387,4.1218638,1.43369176,85.23949169,1912946.4921875,7692.27214239644
346,42101036203,2010,Census tract,5129,134,132,297,42,4514,2.61259505,2.57360109,5.79060246,0.81887307,88.00935855,2627742.24609375,8497.0381436613
347,42101036301,2010,Census tract,3695,301,136,246,90,2913,8.14614344,3.68064953,6.65764547,2.43572395,78.83626522,4070232.39453125,9079.0910404888
348,42101036302,2010,Census tract,3543,93,539,371,71,2458,2.62489416,15.21309625,10.47135196,2.00395145,69.37623483,872665.60546875,4433.35434231809
349,42101036303,2010,Census tract,6726,127,114,220,59,6200,1.88819506,1.69491525,3.27088909,0.87719298,92.17960155,4311648.7890625,10065.8748059555
350,42101036400,2010,Census tract,703,10,152,17,1,523,1.42247511,21.62162162,2.41820768,0.14224751,74.39544808,7685279.76953125,14390.7724822067
351,42101036501,2010,Census tract,5562,227,441,299,66,4521,4.08126573,7.92880259,5.37576411,1.18662352,81.2837109,3119890.49609375,7132.36476256854
352,42101036502,2010,Census tract,4077,114,78,165,46,3657,2.79617366,1.91317145,4.04709345,1.1282806,89.69830758,2903832.37109375,9196.56570670577
353,42101036600,2010,Census tract,1643,169,101,64,28,1270,10.28606208,6.14729154,3.89531345,1.70419963,77.29762629,4168056.1796875,12166.4442333733
354,42101036700,2010,Census tract,2542,103,389,181,50,1799,4.05192762,15.30291109,7.12037766,1.96695515,70.77104642,1365371.1015625,4905.45339775626
355,42101036900,2010,Census tract,6966,2256,728,383,253,3339,32.38587425,10.45076084,5.49813379,3.6319265,47.93281654,3479009.55859375,9538.73470690457
356,42101037200,2010,Census tract,4244,645,231,223,59,3079,15.19792648,5.44297832,5.25447691,1.39019793,72.54948162,1750189.07421875,6662.076320844
357,42101037300,2010,Census tract,5137,262,526,113,32,4183,5.10025307,10.23943936,2.19972747,0.62293167,81.42884952,4653971.06640625,12061.8020505058
358,42101037500,2010,Census tract,3771,185,1416,158,108,1880,4.90586051,37.54972156,4.18987006,2.86396181,49.85415009,1746518.87109375,7810.52634984585
359,42101037600,2010,Census tract,2986,608,1003,257,54,1032,20.36168788,33.59008707,8.60683188,1.80843938,34.561286,1222412.40625,4704.67804305323
360,42101037700,2010,Census tract,5635,217,2637,900,86,1768,3.85093168,46.79680568,15.97160603,1.52617569,31.37533274,1256541.9375,4578.10785546555
361,42101037800,2010,Census tract,2504,44,94,167,30,2167,1.7571885,3.75399361,6.66932907,1.19808307,86.54153355,9566825.453125,16775.7625099223
362,42101037900,2010,Census tract,5315,70,44,162,62,4966,1.31702728,0.82784572,3.04797742,1.16650988,93.43367827,2344655.44921875,7387.91590558607
363,42101038000,2010,Census tract,2375,19,226,460,30,1630,0.8,9.51578947,19.36842105,1.26315789,68.63157895,1492319.8203125,6210.07470004695
364,42101038100,2010,Census tract,833,2,218,160,16,435,0.24009604,26.17046819,19.20768307,1.92076831,52.22088836,8465076.12890625,17175.4507636152
365,42101038200,2010,Census tract,2631,24,356,740,47,1448,0.91220068,13.53097681,28.12618776,1.78639301,55.03610794,3163702.23828125,9683.00829347096
366,42101038300,2010,Census tract,4157,32,1365,2426,38,291,0.7697859,32.83617994,58.35939379,0.91412076,7.00024056,5229794.078125,10958.273449528
367,42101038400,2010,Census tract,2437,93,175,54,32,2080,3.81616742,7.1809602,2.21583915,1.31308986,85.3508412,3880814.8984375,13719.4883976582
368,42101038500,2010,Census tract,1888,69,91,45,28,1644,3.65466102,4.81991525,2.38347458,1.48305085,87.07627119,2327443.359375,9604.54391871473
369,42101038600,2010,Census tract,1320,21,165,26,23,1078,1.59090909,12.5,1.96969697,1.74242424,81.66666667,5731720.46484375,15895.5719017737
370,42101038700,2010,Census tract,2348,49,287,72,44,1888,2.08688245,12.22316865,3.06643952,1.87393526,80.4088586,3551082.95703125,9532.7648784079
371,42101038800,2010,Census tract,3718,91,1204,140,123,2147,2.44755245,32.38300161,3.7654653,3.30823023,57.74610005,2385714.140625,7154.06783038677
372,42101038900,2010,Census tract,3080,6,2786,99,69,114,0.19480519,90.45454545,3.21428571,2.24025974,3.7012987,2188191.484375,6279.72648736557
373,42101039000,2010,Census tract,8154,264,4537,1935,134,1239,3.23767476,55.64140299,23.73068433,1.64336522,15.19499632,3472212.33984375,8761.97440778703
374,42101980000,2010,Census tract,601,77,137,32,20,334,12.81198003,22.7953411,5.32445923,3.32778702,55.57404326,17807735.7148438,27694.5816370217
375,42101980100,2010,Census tract,74,1,4,6,2,61,1.35135135,5.40540541,8.10810811,2.7027027,82.43243243,10070131.1835938,39507.9518002768
376,42101980200,2010,Census tract,504,8,10,12,0,474,1.58730159,1.98412698,2.38095238,0,94.04761905,9217291.44921875,34837.6763396353
377,42101980300,2010,Census tract,2,0,0,0,0,2,0,0,0,0,100,13031034.2929688,14608.5857270366
378,42101980400,2010,Census tract,0,0,0,0,0,0,,,,,,5056502.00390625,13028.956048312
379,42101980500,2010,Census tract,0,0,0,0,0,0,,,,,,709270.92578125,3490.59849335105
380,42101980600,2010,Census tract,0,0,0,0,0,0,,,,,,2189298.25390625,8458.21056789403
381,42101980700,2010,Census tract,5,1,3,1,0,0,20,60,20,0,0,12784666.921875,19411.7109798505
382,42101980800,2010,Census tract,6,0,1,0,1,4,0,16.66666667,0,16.66666667,66.66666667,3700754.921875,16463.1675781973
383,42101980900,2010,Census tract,30,0,18,2,1,9,0,60,6.66666667,3.33333333,30,34980022.6132813,40164.9614984965
384,42101989100,2010,Census tract,7765,51,5469,1231,8,975,0.6567933,70.43142305,15.85318738,0.1030264,12.55634256,7015885.8203125,12280.1211725655
